<routes xmlns="http://camel.apache.org/schema/spring">

    <!--
        Gateway route that takes CAISO Service messages from JMS queue.  The message format is expected to be the raw
        HTTP message byte[] put onto the queue by the CAISO ESB Gateway (service-gateway) module.

        The service configuration is looked up in .yml file (based on SOAPAction header).  From this configuration,
        the processing (orchestration of CAISO apps, retries, JMS/HTTP transport, etc) is done in subsequent routes.
    -->
    <route id="router.gateway">
        <from uri="activemq:queue:caiso.esb.gatewayQ?concurrentConsumers={{activemq_gatewayQ_concurrentConsumers}}&amp;transacted=true"/>
        <transacted/>
        <log loggingLevel="INFO" logName="router.gateway"
             message="Received SOAPAction: ${headers.soapaction}"/>
        <!-- uncomment to let IDE have breakpoint in CAMEL route and examine exchange -->
        <!--<bean ref="camelDebugBean" method="noOp"/>-->
        <!--<bean ref="camelDebugBean" method="simulateDelay(30)"/>-->
        <!--<bean ref="camelDebugBean" method="simulateCrash(3)"/>-->
        <!--<bean ref="camelDebugBean" method="exception"/>-->

        <bean ref="auditBean" method="logTime('caiso.esb.audit.router.in')"/>
        <bean ref="routerMetrics" method="incInboundCount"/>

        <!--
        Lookup config for this SOAP Action
        -->
        <bean ref="auditBean" method="logTime('caiso.esb.audit.router.config.search.start')"/>
        <bean ref="configHelper" method="loadServiceConfig"/>
        <bean ref="auditBean" method="logTime('caiso.esb.audit.router.config.search.stop')"/>

        <!--
        Similar to multicast, but below stores appConfig info in each copy of the exchange as it
        produces a new message for each app mapped to this soap action.

        From here, new messages will be put on either FastQ or OrderedQ
         -->
        <bean ref="serviceRouter" method="multicastToDestinations"/>

        <!--
        ~~~~~~~~~~~~~~~~~~~~~~~~~~~~~~~~~~~~~~~~~~~~~~~~~~~~~~~~~~~~~~~~~~~~~~~~~~~
        Exception handling
        ~~~~~~~~~~~~~~~~~~~~~~~~~~~~~~~~~~~~~~~~~~~~~~~~~~~~~~~~~~~~~~~~~~~~~~~~~~~
        -->
        <onException>
            <exception>caiso.esb.exceptions.NoServiceConfiguredException</exception>
            <log loggingLevel="ERROR" logName="router.gateway"
                 message="No service configured for ${headers.soapaction}"/>
            <!--
            route to error queue
            -->
            <to uri="activemq:queue:exception.caiso.esb.router.gateway.NoServiceConfiguredException"/>
        </onException>
        <onException useOriginalMessage="true">
            <exception>java.lang.Throwable</exception>
            <log loggingLevel="ERROR" logName="router.gateway"
                 message="SOAPAction: ${headers.soapaction} : \n${body}"/>

            <redeliveryPolicy maximumRedeliveries="2"/>
            <to uri="activemq:queue:exception.caiso.esb.router.gateway.Throwable"/>
        </onException>

    </route>

</routes>