<?xml version="1.0" encoding="UTF-8"?>
<!--Sample XML file generated by XMLSpy v2013 (http://www.altova.com)-->
<TransmissionOutageData xsi:schemaLocation="http://www.caiso.com/soa/TransmissionOutageData_v2.xsd# TransmissionOutageData_v2.xsd" xmlns="http://www.caiso.com/soa/TransmissionOutageData_v2.xsd#" xmlns:xsi="http://www.w3.org/2001/XMLSchema-instance">
	<MessageHeader>
		<TimeDate>2001-12-17T09:30:47Z</TimeDate>
		<Source>CompanyA</Source>
		<Version>v20160301</Version>
	</MessageHeader>
	<MessagePayload>
		<TransmissionOutage>
		    <mRID>123456789</mRID>
			<description>New Transmission Outage</description>
			<comment>Sample</comment>
			<affectsRASSPS>NO</affectsRASSPS>
			<discoveryDateTime>2014-01-20T13:00:00Z</discoveryDateTime>
			<emergencyReturnTime>1</emergencyReturnTime>
			<emergencyReturnTimeType>HOURS</emergencyReturnTimeType>
			<mktOrgOutageID>ref_id_1000</mktOrgOutageID>
			<RIMSProjectCommissionDate>2001-12-17T09:30:47Z</RIMSProjectCommissionDate>
			<RIMSProjectCompletion>NO</RIMSProjectCompletion>
			<RIMSProjectID>rims_project_id_1000</RIMSProjectID>
			<RIMSProjectPhase>Planning</RIMSProjectPhase>
			<actualPeriod>
				<start>2014-01-23T13:30:00Z</start>
			</actualPeriod>
			<Equipments>
			    <mRID>Unique Equipment Name</mRID>
			    <Names>
		          <name>Participant Equipment A name</name>
		          <NameType>
		            <name>PARTICIPANTID</name>
		          </NameType>
		        </Names>
				<AdjustedOperationalRating>
					<activePeriod>
						<end>2014-01-31T13:30:00Z</end>
                        <start>2014-01-23T13:00:00Z</start>
					</activePeriod>
					<normalRestrictedValue>
						<multiplier>M</multiplier>
						<unit>W</unit>
						<value>60</value>
					</normalRestrictedValue>
					<isRecurring>NO</isRecurring>
					<emergencyRestrictedValue>
						<multiplier>M</multiplier>
						<unit>W</unit>
						<value>20</value>
					</emergencyRestrictedValue>
				</AdjustedOperationalRating>
		        <OutagedEquipment>
		          <switchModelingComplete>NO</switchModelingComplete>
		          <useFacilityOutageDefinition>NO</useFacilityOutageDefinition>
		          <Switch>
		            <SwitchingOperations>
		              <newState>close</newState>
		              <newStatePeriod>
		                <end>2001-12-31T12:00:00</end>
		                <start>2001-12-31T12:00:00</start>
		              </newStatePeriod>
		            </SwitchingOperations>
		          </Switch>
		        </OutagedEquipment>
		        <VoltageLevel>
		           <BaseVoltage>
		              <nominalVoltage>
		                <multiplier>k</multiplier>
		                <unit>V</unit>
		                <value>0.0</value>
		              </nominalVoltage>
		            </BaseVoltage>
		        </VoltageLevel>
			</Equipments>
			<estimatedPeriod>
				<end>2014-01-31T13:00:00Z</end>
				<start>2014-01-23T13:00:00Z</start>
			</estimatedPeriod>
            <OperatingParticipant>
                <mRID>PTO1</mRID>
                <Person>
                    <firstName>John</firstName>
                    <lastName>Smith</lastName>
                    <landlinePhone>
                        <areaCode>916</areaCode>
                        <extension>555</extension>
                        <localNumber>1234</localNumber>
                    </landlinePhone>
                </Person>
            </OperatingParticipant>
            <OutageChangeRequest>
                <action>UPDATE</action>
            </OutageChangeRequest>
            <Work>
						<kind>EQUIPMENT_DERATE</kind>
			</Work>
			<isNewEquipmentEnergized>NO</isNewEquipmentEnergized>
		</TransmissionOutage>
	</MessagePayload>
</TransmissionOutageData>
