<?xml version="1.0" encoding="UTF-8"?>
<!DOCTYPE log4j:configuration PUBLIC   "-//APACHE//DTD LOG4J 1.2//EN" "http://logging.apache.org/log4j/1.2/apidocs/org/apache/log4j/xml/doc-files/log4j.dtd">

<!-- ===================================================================== -->
<!--                                                                       -->
<!--  Log4j Configuration                                                  -->
<!--                                                                       -->
<!-- ===================================================================== -->

<!-- $Id: jboss-log4j.xml 75507 2008-07-08 20:15:07Z stan.silvert@jboss.com $ -->

<!--
   | For more configuration infromation and examples see the Jakarta Log4j
   | owebsite: http://jakarta.apache.org/log4j
 -->

<log4j:configuration xmlns:log4j="http://jakarta.apache.org/log4j/" debug="false">

   <!-- ================================= -->
   <!-- Preserve messages in a local file -->
   <!-- ================================= -->

   <!-- A time/date based rolling appender -->
   <appender name="FILE" class="org.apache.log4j.DailyRollingFileAppender">
      <param name="File" value="./target/server.log"/>
      <param name="Append" value="true"/>

      <param name="Threshold" value="DEBUG"/>

      <!-- Rollover at midnight each day -->
      <param name="DatePattern" value="'.'yyyy-MM-dd"/>
      <layout class="org.apache.log4j.EnhancedPatternLayout">
         <param name="ConversionPattern" value="%d{ISO8601}{PST} %-5p [%t] [%c{1}] [%C}] %m %n"/>
      </layout>
   </appender>

   <!-- ============================== -->
   <!-- Append messages to the console -->
   <!-- ============================== -->

   <appender name="CONSOLE" class="org.apache.log4j.ConsoleAppender">
      <param name="Threshold" value="TRACE"/>

      <layout class="org.apache.log4j.EnhancedPatternLayout">
         <!-- The default pattern: Date Priority [Category] Message\n -->
         <param name="ConversionPattern" value="%d{ISO8601}{PST} %-5p [%t] [%c{1}] [%C}] %m %n"/>
      </layout>
   </appender>

   <!-- ================ -->
   <!-- Limit categories -->
   <!-- ================ -->

   <!-- Limit the org.apache category to INFO as its DEBUG is verbose -->
   <category name="org">
      <priority value="WARN"/>
   </category>
      <category name="com">
      <priority value="WARN"/>
   </category>
   <category name="com.caiso.rcint">
      <priority value="DEBUG"/>
   </category>
   <category name="org.hsqldb">
      <priority value="WARN"/>
   </category>
   <category name="org.hibernate.SQL">
      <priority value="WARN"/>
   </category>

   <category name="org.springframework.ws.client.MessageTracing.sent">
      <priority value="TRACE"/>
   </category>
    <category name="org.springframework.ws.client.MessageTracing.received">
      <priority value="TRACE"/>
   </category>

    <category name="org.apache.http">
      <priority value="DEBUG"/>
   </category>

   <root>
   	  <priority value="DEBUG" />
      <appender-ref ref="CONSOLE"/> 
      <appender-ref ref="FILE"/>
   </root>
</log4j:configuration>