<assembly xmlns="http://maven.apache.org/plugins/maven-assembly-plugin/assembly/1.1.3"
          xmlns:xsi="http://www.w3.org/2001/XMLSchema-instance"
          xsi:schemaLocation="http://maven.apache.org/plugins/maven-assembly-plugin/assembly/1.1.3 http://maven.apache.org/xsd/assembly-1.1.3.xsd">
    <id>dist</id>
    <formats>
        <!--<format>tar.gz</format>-->
        <!--<format>tar.bz2</format>-->
        <format>zip</format>
    </formats>
    <fileSets>
        <fileSet>
            <directory>${project.build.directory}/dist</directory>
            <outputDirectory>/</outputDirectory>
            <useDefaultExcludes>true</useDefaultExcludes>
            <excludes>
                <exclude>logs/**</exclude>
                <exclude>**/.profile</exclude>
            </excludes>
        </fileSet>
    </fileSets>
</assembly>