<?xml version="1.0" encoding="UTF-8"?>
<beans xmlns="http://www.springframework.org/schema/beans"
	xmlns:xsi="http://www.w3.org/2001/XMLSchema-instance" xmlns:tx="http://www.springframework.org/schema/tx"
	xmlns:context="http://www.springframework.org/schema/context"
	xsi:schemaLocation="
       http://www.springframework.org/schema/beans
       http://www.springframework.org/schema/beans/spring-beans.xsd
       http://www.springframework.org/schema/tx http://www.springframework.org/schema/tx/spring-tx.xsd
       http://www.springframework.org/schema/context http://www.springframework.org/schema/context/spring-context.xsd">
	<context:component-scan base-package="com.caiso.ecic.occ" />
	<context:property-placeholder location="ecic-occ.properties"
		order="1" ignore-unresolvable="true" />

	<bean name="monthlyRLCDataPublisher" class="com.caiso.ecic.occ.publisher.Publisher">
		<property name="attachmentName"
			value="${svc.broadcastMonthlyRLCData_v1.attachmentName}" />
		<property name="uri" value="${svc.broadcastMonthlyRLCData_v1.url}" />
		<property name="soapAction" value="${svc.broadcastMonthlyRLCData_v1.soapAction}" />
		<property name="retry" value="${svc.broadcastMonthlyRLCData_v1.retry}" />
		<property name="retryInterval"
			value="${svc.broadcastMonthlyRLCData_v1.retryInterval}" />
	</bean>


	<bean id="webServiceTemplate" class="org.springframework.ws.client.core.WebServiceTemplate" />

	<bean id="jaxbContext" class="javax.xml.bind.JAXBContext"
		factory-method="newInstance">
		<constructor-arg>
			<list>
				<value>com.caiso.soa.rlcdata_v1.RLCData</value>
			</list>
		</constructor-arg>
	</bean>
</beans>