<routes xmlns="http://camel.apache.org/schema/spring">

    <!--
    ESB Gateway to external clients that send HTTP messages.

    This simply takes inbound message and stores it on a persisted "processing queue" for async handling, and returns
    to caller immediately after saving on queue

     -->
    <route id="gateway.servlet">
        <from uri="servlet:broadcast?matchOnUriPrefix=true&amp;servletName=CAISOESBServlet"/>
        <transacted/>
        <log loggingLevel="INFO" logName="gateway.servlet"
             message="SOAPAction: ${headers.soapaction}"/>
        <!-- log receipt time -->
        <bean ref="auditBean" method="logTime('caiso.esb.audit.gatewayQ.in')"/>

        <!-- uncomment to let IDE have breakpoint in CAMEL route and examine exchange -->
        <!--<bean ref="camelDebugBean" method="noOp"/>-->
        <!--<bean ref="camelDebugBean" method="simulateDelay(30)"/>-->
        <!--<bean ref="camelDebugBean" method="simulateCrash(3)"/>-->
        <!--<bean ref="camelDebugBean" method="exception"/>-->

        <!-- set UUID for this service call -->
        <bean ref="payloadIdGenerator" method="setPayloadIdHeader"/>

        <!-- call to metrics / auditing -->
        <wireTap uri="direct:gateway.auditGateway" pattern="InOnly"/>
        <choice>
            <!--
            NOTE: if multi-site header doesn't exist, treat it as if it is a DOR message
             -->
            <when>
                <simple>${header.MULTISITE_CONTEXT} == 'nDOR' </simple>
                <log loggingLevel="INFO" logName="gateway.servlet"
                     message="${header.MULTISITE_CONTEXT} message received."/>
                <!--
                TODO: now what ?
                -->
            </when>
            <otherwise>
                <!--
                Send msg to gateway queue
                -->
                <bean ref="auditBean" method="logTime('caiso.esb.audit.gatewayQ.out')"/>
                <to uri="activemq:queue:caiso.esb.gatewayQ" pattern="InOnly"/>
            </otherwise>
        </choice>
        <!-- set response based on old format of Sonic response -->
        <bean ref="gatewayResponseProcessor"/>

        <!--
        ~~~~~~~~~~~~~~~~~~~~~~~~~~~~~~~~~~~~~~~~~~~~~~~~~~~~~~~~~~~~~~~~~~~~~~~~~~~
        Exception handling
        ~~~~~~~~~~~~~~~~~~~~~~~~~~~~~~~~~~~~~~~~~~~~~~~~~~~~~~~~~~~~~~~~~~~~~~~~~~~
        -->
        <onException useOriginalMessage="true">
            <exception>java.lang.Throwable</exception>
            <log loggingLevel="ERROR" logName="gateway.servlet"
                 message="SOAPAction: ${headers.soapaction} : \n${body}"/>

            <redeliveryPolicy maximumRedeliveries="2"/>
            <!-- quick & dirty way to copy msg in new, non-transacted thread w/ original msg body -->
            <wireTap uri="activemq:queue:exception.caiso.esb.gatewayQ.Throwable" pattern="InOnly"/>

            <!--
            NOTE: at this point, the exchange body is the exception stack trace and caller
            will receive that and HTTP-status 500 as the reply.  We could wrap that up/hide
            it with something here by changing exchange header and body as in below:
                <setHeader headerName="CamelHttpResponseCode">
                    <simple>550</simple>
                </setHeader>
                <setBody>
                    <simple>xxxx ${exception.stacktrace}</simple>
                </setBody>
            -->

        </onException>
    </route>

    <!--
    Route to audit flow / payload in a separate thread
    -->
    <route id="gateway.auditGateway">
        <from uri="direct:gateway.auditGateway"/>
        <log loggingLevel="INFO" logName="gateway.auditGateway"
             message="SOAPAction: ${headers.soapaction}"/>

        <bean ref="gatewayMetrics" method="incInboundCount"/>
        <bean ref="auditDataProcessor"/>
    </route>

</routes>