<?xml version="1.0" encoding="UTF-8"?>
<!--Sample XML file generated by XMLSpy v2013 (http://www.altova.com)-->
<OutageStandardOutput xsi:schemaLocation="http://www.caiso.com/soa/OutageStandardOutput_v1.xsd# OutageStandardOutput_v1.xsd" xmlns="http://www.caiso.com/soa/OutageStandardOutput_v1.xsd#" xmlns:xsi="http://www.w3.org/2001/XMLSchema-instance">
	<MessageHeader>
		<TimeDate>2001-12-17T09:30:47Z</TimeDate>
		<Source>OMS</Source>
		<Version>v20141001</Version>
	</MessageHeader>
	<MessagePayload>
		<EventLog>
			<Event>
				<id>1</id>
				<result>Success</result>
			</Event>
			<Outage>
				<mRID>123456789</mRID>
				<mktOrgOutageID>ref_id_1000</mktOrgOutageID>
				<OutageChangeRequest>
					<mRID>987654321</mRID>
				</OutageChangeRequest>
				<OutageValidation>
					<submitStatus>ACCEPTED</submitStatus>
					<OutageResult>
						<mRID>1</mRID>
						<description>Validated</description>
						<type>INFO</type>
					</OutageResult>
				</OutageValidation>
			</Outage>
			<Service>
				<id>12345</id>
				<name>submitTransmissionOutageChangeRequest_v1</name>
			</Service>
			
		</EventLog>
	</MessagePayload>
</OutageStandardOutput>
